season,conference,round,series,winning_team,seed_win,losing_team,seed_lose
2020-21,west,first_round,4-1,Utah Jazz,1,Memphis Grizzlies,8
2020-21,west,first_round,4-2,Phoenix Suns,2,Los Angeles Lakers,7
2020-21,west,first_round,4-3,Los Angeles Clippers,4,Dallas Mavericks,5
2020-21,west,first_round,4-2,Denver Nuggets,3,Portland Trail Blazers,6
2020-21,east,first_round,4-1,Philadelphia 76ers,1,Washington Wizards,8
2020-21,east,first_round,4-0,Milwaukee Bucks,3,Miami Heat,6
2020-21,east,first_round,4-1,Brooklyn Nets,7,Boston Celtics,2
2020-21,east,first_round,4-1,Atlanta Hawks,5,New York Knicks,4
2020-21,west,conf_semi_final,4-0,Phoenix Suns,2,Denver Nuggets,3
2020-21,west,conf_semi_final,4-2,Los Angeles Clippers,4,Utah Jazz,1
2020-21,east,conf_semi_final,4-3,Milwaukee Bucks,3,Brooklyn Nets,7
2020-21,east,conf_semi_final,4-3,Atlanta Hawks,5,Philadelphia 76ers,1
2020-21,west,conf_final,4-2,Phoenix Suns,2,Los Angeles Clippers,4
2020-21,east,conf_final,4-2,Milwaukee Bucks,3,Atlanta Hawks,5
2020-21,neutral,finals,4-2,Milwaukee Bucks,3,Phoenix Suns,2
2021-22,west,first_round,4-2,Phoenix Suns,1,New Orleans Pelicans,8
2021-22,west,first_round,4-2,Memphis Grizzlies,2,Minnesota Timberwolves,7
2021-22,west,first_round,4-1,Golden State Warriors,3,Denver Nuggets,6
2021-22,west,first_round,4-2,Dallas Mavericks,4,Utah Jazz,5
2021-22,east,first_round,4-2,Philadelphia 76ers,4,Toronto Raptors,5
2021-22,east,first_round,4-1,Milwaukee Bucks,3,Chicago Bulls,6
2021-22,east,first_round,4-1,Miami Heat,1,Atlanta Hawks,8
2021-22,east,first_round,4-0,Boston Celtics,2,Brooklyn Nets,7
2021-22,west,conf_semi_final,4-2,Golden State Warriors,3,Memphis Grizzlies,2
2021-22,west,conf_semi_final,4-3,Dallas Mavericks,4,Phoenix Suns,1
2021-22,east,conf_semi_final,4-2,Miami Heat,1,Philadelphia 76ers,4
2021-22,east,conf_semi_final,4-3,Boston Celtics,2,Milwaukee Bucks,3
2021-22,west,conf_final,4-1,Golden State Warriors,3,Dallas Mavericks,4
2021-22,east,conf_final,4-3,Boston Celtics,2,Miami Heat,1
2021-22,neutral,finals,4-2,Golden State Warriors,3,Boston Celtics,2
2022-23,west,first_round,4-1,Phoenix Suns,4,Los Angeles Clippers,5
2022-23,west,first_round,4-2,Los Angeles Lakers,7,Memphis Grizzlies,2
2022-23,west,first_round,4-3,Golden State Warriors,6,Sacramento Kings,3
2022-23,west,first_round,4-1,Denver Nuggets,1,Minnesota Timberwolves,8
2022-23,east,first_round,4-0,Philadelphia 76ers,3,Brooklyn Nets,6
2022-23,east,first_round,4-1,New York Knicks,4,Cleveland Cavaliers,5
2022-23,east,first_round,4-1,Miami Heat,8,Milwaukee Bucks,1
2022-23,east,first_round,4-2,Boston Celtics,2,Atlanta Hawks,7
2022-23,west,conf_semi_final,4-2,Los Angeles Lakers,7,Golden State Warriors,6
2022-23,west,conf_semi_final,4-2,Denver Nuggets,1,Phoenix Suns,4
2022-23,east,conf_semi_final,4-2,Miami Heat,8,New York Knicks,4
2022-23,east,conf_semi_final,4-3,Boston Celtics,2,Philadelphia 76ers,3
2022-23,west,conf_final,4-0,Denver Nuggets,1,Los Angeles Lakers,7
2022-23,east,conf_final,4-3,Miami Heat,8,Boston Celtics,2
2022-23,neutral,finals,4-1,Denver Nuggets,1,Miami Heat,8
2023-24,west,first_round,4-0,Oklahoma City Thunder,1,New Orleans Pelicans,8
2023-24,west,first_round,4-0,Minnesota Timberwolves,3,Phoenix Suns,6
2023-24,west,first_round,4-1,Denver Nuggets,2,Los Angeles Lakers,7
2023-24,west,first_round,4-2,Dallas Mavericks,5,Los Angeles Clippers,4
2023-24,east,first_round,4-2,New York Knicks,2,Philadelphia 76ers,7
2023-24,east,first_round,4-2,Indiana Pacers,3,Milwaukee Bucks,6
2023-24,east,first_round,4-3,Cleveland Cavaliers,4,Orlando Magic,5
2023-24,east,first_round,4-1,Boston Celtics,1,Miami Heat,8
2023-24,west,conf_semi_final,4-3,Minnesota Timberwolves,3,Denver Nuggets,2
2023-24,west,conf_semi_final,4-2,Dallas Mavericks,5,Oklahoma City Thunder,1
2023-24,east,conf_semi_final,4-3,Indiana Pacers,3,New York Knicks,2
2023-24,east,conf_semi_final,4-1,Boston Celtics,1,Cleveland Cavaliers,4
2023-24,west,conf_final,4-1,Dallas Mavericks,5,Minnesota Timberwolves,3
2023-24,east,conf_final,4-0,Boston Celtics,1,Indiana Pacers,3
2023-24,neutral,finals,4-1,Boston Celtics,1,Dallas Mavericks,5
2024-25,west,first_round,4-0,Oklahoma City Thunder,1,Memphis Grizzlies,8
2024-25,west,first_round,4-1,Minnesota Timberwolves,6,Los Angeles Lakers,3
2024-25,west,first_round,4-3,Golden State Warriors,7,Houston Rockets,2
2024-25,west,first_round,4-3,Denver Nuggets,4,Los Angeles Clippers,5
2024-25,east,first_round,4-2,New York Knicks,3,Detroit Pistons,6
2024-25,east,first_round,4-1,Indiana Pacers,4,Milwaukee Bucks,5
2024-25,east,first_round,4-0,Cleveland Cavaliers,1,Miami Heat,8
2024-25,east,first_round,4-1,Boston Celtics,2,Orlando Magic,7
2024-25,west,conf_semi_final,4-3,Oklahoma City Thunder,1,Denver Nuggets,4
2024-25,west,conf_semi_final,4-1,Minnesota Timberwolves,6,Golden State Warriors,7
2024-25,east,conf_semi_final,4-2,New York Knicks,3,Boston Celtics,2
2024-25,east,conf_semi_final,4-1,Indiana Pacers,4,Cleveland Cavaliers,1
2024-25,west,conf_final,4-1,Oklahoma City Thunder,1,Minnesota Timberwolves,6
2024-25,east,conf_final,4-2,Indiana Pacers,4,New York Knicks,3
2024-25,neutral,finals,4-3,Oklahoma City Thunder,1,Indiana Pacers,4
2025-26,west,first_round,4-1,San Antonio Spurs,2,Portland Trail Blazers,7
2025-26,west,first_round,4-0,Oklahoma City Thunder,1,Phoenix Suns,8
2025-26,west,first_round,4-2,Minnesota Timberwolves,3,Denver Nuggets,6
2025-26,west,first_round,4-2,Los Angeles Lakers,4,Houston Rockets,5
2025-26,east,first_round,4-3,Philadelphia 76ers,7,Boston Celtics,2
2025-26,east,first_round,4-2,New York Knicks,3,Atlanta Hawks,6
2025-26,east,first_round,4-3,Detroit Pistons,1,Orlando Magic,8
2025-26,east,first_round,4-3,Cleveland Cavaliers,4,Toronto Raptors,5
2025-26,west,conf_semi_final,4-2,San Antonio Spurs,2,Minnesota Timberwolves,3
2025-26,west,conf_semi_final,4-0,Oklahoma City Thunder,1,Los Angeles Lakers,4
2025-26,east,conf_semi_final,4-0,New York Knicks,3,Philadelphia 76ers,7
2025-26,east,conf_semi_final,4-3,Cleveland Cavaliers,4,Detroit Pistons,1
2025-26,west,conf_final,4-3,San Antonio Spurs,2,Oklahoma City Thunder,1
2025-26,east,conf_final,4-0,New York Knicks,3,Cleveland Cavaliers,4
2025-26,neutral,finals,4-1,New York Knicks,3,San Antonio Spurs,2